{
  "lift_leg": "FR",
  "grounded_legs": [
    "FL",
    "RL",
    "RR"
  ],
  "params": [
    44.77286197970936,
    -62.47916736870105,
    45.7862004754757,
    -68.2682760769144,
    40.361031985674124,
    -63.421340441483885
  ],
  "params_labels": [
    "FL_hip",
    "FL_knee",
    "RL_hip",
    "RL_knee",
    "RR_hip",
    "RR_knee"
  ],
  "reward": -0.0014122667191240844,
  "gen": 50
}