{
  "lift_leg": "RL",
  "grounded_legs": [
    "FL",
    "FR",
    "RR"
  ],
  "params": [
    26.918105304458575,
    -94.28747386267656,
    20.79440332087912,
    -82.51120306996297,
    17.674420442439853,
    -89.6757044329318
  ],
  "params_labels": [
    "FL_hip",
    "FL_knee",
    "FR_hip",
    "FR_knee",
    "RR_hip",
    "RR_knee"
  ],
  "reward": -0.7543342548534973,
  "gen": 1
}