{
  "lift_leg": "RR",
  "grounded_legs": [
    "FL",
    "FR",
    "RL"
  ],
  "params": [
    12.117114784871797,
    -109.45297224440225,
    10.220872223636675,
    -102.93809213332969,
    10.076172020698587,
    -109.96374055884392
  ],
  "params_labels": [
    "FL_hip",
    "FL_knee",
    "FR_hip",
    "FR_knee",
    "RL_hip",
    "RL_knee"
  ],
  "reward": -0.001001402416552796,
  "gen": 50
}