{
  "lift_leg": "FL",
  "grounded_legs": [
    "FR",
    "RL",
    "RR"
  ],
  "params": [
    12.380721463272833,
    -108.78595770641542,
    56.1488011060837,
    -109.40305508444027,
    12.722361217990667,
    -109.88165383950835
  ],
  "params_labels": [
    "FR_hip",
    "FR_knee",
    "RL_hip",
    "RL_knee",
    "RR_hip",
    "RR_knee"
  ],
  "reward": -0.0005483580617741471,
  "gen": 50
}