{
  "params": [
    -42.89763643818934,
    -88.19236706938133,
    -52.51260288036449,
    -69.59271102190483,
    -56.23086450087152,
    -63.176067811040404,
    -30.9289410833654,
    -60.27797087073663,
    -56.82177957403113,
    -99.47958341093097,
    -51.38947121140593,
    -53.9976887773858,
    0.2890445897932149
  ],
  "reward": -0.0019646453850393486,
  "gen": 30
}