{
  "lift_leg": "FL",
  "grounded_legs": [
    "FR",
    "RL",
    "RR"
  ],
  "params": [
    39.50302374856439,
    -83.67948636512232,
    35.6273661611105,
    -76.0478028775897,
    39.39787055127454,
    -83.717058682305
  ],
  "params_labels": [
    "FR_hip",
    "FR_knee",
    "RL_hip",
    "RL_knee",
    "RR_hip",
    "RR_knee"
  ],
  "reward": -0.022605680289660222,
  "gen": 26
}