{
  "params": [
    -84.17208686090193,
    -108.88545210548585,
    -34.32210013490189,
    -66.54230071103123,
    -57.45299621474274,
    -69.29817266531347,
    -31.865507234541653,
    -63.40297281640044,
    -54.762543656900334,
    -89.13271452256913,
    -42.74218502287694,
    -46.205670566496295,
    0.6820676707862047
  ],
  "reward": -56.69312072539766,
  "gen": 1
}