{
  "params": [
    13.530054713994765,
    69.74940887432862,
    35.14625807133071,
    87.98209547278375,
    14.625957606731228,
    60.23787466146025,
    12.810600639184063,
    40.05881841651707,
    16.614873421003047,
    88.38638311634378,
    46.03294474021866,
    89.41872233975116,
    51.84241132033986,
    65.9645392456567,
    43.79543119901704,
    36.493702253202905,
    52.079887212977496,
    71.67473505615803,
    21.778108692836337,
    91.67780872652664,
    51.69502767702402,
    60.82202027237026,
    47.297123049941256,
    52.12379809592699,
    54.940929106634805,
    52.55678526659399,
    5.1642197389284,
    88.19747542505392,
    49.06971941313496,
    56.038689085277625,
    54.516045271315214,
    28.30680641138371,
    49.947934794099005,
    50.08057100618443,
    14.453788331804777,
    90.48674107683797,
    23.651000801954847,
    69.4437447559411,
    17.6020189092758,
    88.25291807944721,
    41.0533441674239,
    60.41604391634726,
    9.506408621357009,
    79.6424483147857,
    14.770574253117974,
    96.18810025899805,
    31.638875022434437,
    56.54086739563695,
    48.78227176282797,
    80.64296614568785,
    9.872544746385017,
    78.1867678329995,
    34.646787977107955,
    27.161952233962154,
    41.84552284953128,
    54.25480119692454,
    49.1293963205397,
    77.07476288059152,
    8.201846475337197,
    96.99772655109493,
    36.54472567269599,
    35.884245847226715,
    51.23626150711467,
    77.2315692380495,
    8.801807853717975,
    97.90236586513099,
    18.761181103361537,
    76.42476254982834,
    14.851289768035844,
    51.02579927071724,
    45.86377313630928,
    72.29081015002957,
    8.69427829457555,
    63.81218625651696,
    10.596460723960472,
    99.79408184522599,
    9.478363296907414,
    29.24295567747533,
    41.10271340210936,
    52.28045609147702,
    8.358135066502962,
    99.9135137772241,
    10.03810344347851,
    46.76212771055518,
    6.1570411111563805,
    34.04157343434956,
    29.806563648733132,
    73.69850882449629,
    7.337475502641655,
    99.7797057360887,
    14.013650567551108,
    56.89740638118313,
    14.149851630538638,
    57.061183357550036,
    14.33669964567895,
    80.92973478383202,
    7.88412661018941,
    90.07492272223212,
    5.543885286669067,
    85.33510467366072,
    5.429738182775312,
    48.053395771416035,
    20.85522152513683,
    41.48728690668852,
    0.15000211275078326
  ],
  "reward": 415.28317955275554,
  "gen": 85,
  "restart": 0,
  "config": {
    "algo": "cma",
    "init": "gait",
    "fall_tilt_deg": 20.0,
    "tilt_scale": 1.0,
    "interp": "linear",
    "sigma_init": 5.0,
    "generations": 500,
    "popsize": 48,
    "n_cycles": 5
  }
}